<?xml version="1.0" encoding="UTF-8" standalone="yes"?>
<addon id="repository.fun" name="Fun Kodi Repo" version="1.0.0" provider-name="Chiasecode">
	<extension point="xbmc.addon.repository" name="Fun Kodi Add-on Repository">
		<dir>
			<info compressed="false">https://raw.githubusercontent.com/chiasecode/kodi/main/addons.xml</info>
			<checksum>https://raw.githubusercontent.com/chiasecode/kodi/main/addons.md5</checksum>
			<datadir zip="true">https://github.com/chiasecode/kodi/raw/main/repos/</datadir>
		</dir>
	</extension>
	<extension point="xbmc.addon.metadata">
		<summary lang="en">Fun Kodi Add-on Repository</summary>
		<description lang="en"></description>
		<genre></genre>
		<assets><icon>icon.png</icon></assets>
	</extension>
</addon>
